色号,颜色名称,R,G,B,HEX
A1,A1,250,245,205,#FAF5CD
B1,B1,223,241,59,#DFF13B
C1,C1,240,254,228,#F0FEE4
D1,D1,172,183,239,#ACB7EF
E1,E1,246,212,203,#F6D4CB
F1,F1,254,147,129,#FE9381
G1,G1,255,228,211,#FFE4D3
H1,H1,255,255,255,#FFFFFF
M1,M1,187,198,182,#BBC6B6
A2,A2,252,254,214,#FCFED6
B2,B2,100,243,67,#64F343
C2,C2,171,248,254,#ABF8FE
D2,D2,134,141,211,#868DD3
E2,E2,252,193,221,#FCC1DD
F2,F2,246,61,75,#F63D4B
G2,G2,252,198,172,#FCC6AC
H2,H2,251,251,251,#FBFBFB
M2,M2,144,153,148,#909994
A3,A3,252,255,146,#FCFF92
B3,B3,161,245,134,#A1F586
C3,C3,26,224,247,#1AE0F7
D3,D3,53,84,175,#3554AF
E3,E3,246,189,232,#F6BDE8
F3,F3,238,78,62,#EE4E3E
G3,G3,241,196,165,#F1C4A5
H3,H3,180,180,180,#B4B4B4
M3,M3,105,126,128,#697E80
A4,A4,247,236,92,#F7EC5C
B4,B4,95,223,52,#5FDF34
C4,C4,68,205,251,#44CDFB
D4,D4,22,45,123,#162D7B
E4,E4,232,100,158,#E8649E
F4,F4,251,42,64,#FB2A40
G4,G4,220,179,135,#DCB387
H4,H4,135,135,135,#878787
M4,M4,224,212,188,#E0D4BC
A5,A5,240,216,58,#F0D83A
B5,B5,57,225,88,#39E158
C5,C5,6,170,223,#06AADF
D5,D5,179,78,198,#B34EC6
E5,E5,240,86,159,#F0569F
F5,F5,225,3,40,#E10328
G5,G5,231,179,78,#E7B34E
H5,H5,70,70,72,#464648
M5,M5,209,204,175,#D1CCAF
A6,A6,253,169,81,#FDA951
B6,B6,100,224,164,#64E0A4
C6,C6,84,167,233,#54A7E9
D6,D6,179,123,220,#B37BDC
E6,E6,235,65,114,#EB4172
F6,F6,145,54,53,#913635
G6,G6,227,160,20,#E3A014
H6,H6,44,44,44,#2C2C2C
M6,M6,176,170,134,#B0AA86
A7,A7,250,140,79,#FA8C4F
B7,B7,62,174,124,#3EAE7C
C7,C7,57,119,202,#3977CA
D7,D7,135,88,169,#8758A9
E7,E7,197,54,116,#C53674
F7,F7,145,25,50,#911932
G7,G7,152,92,58,#985C3A
H7,H7,1,1,1,#010101
M7,M7,176,167,150,#B0A796
A8,A8,251,218,77,#FBDA4D
B8,B8,29,155,84,#1D9B54
C8,C8,15,82,189,#0F52BD
D8,D8,227,210,254,#E3D2FE
E8,E8,253,219,233,#FDDBE9
F8,F8,187,1,38,#BB0126
G8,G8,113,61,47,#713D2F
H8,H8,231,214,220,#E7D6DC
M8,M8,174,127,130,#AE7F82
A9,A9,247,157,95,#F79D5F
B9,B9,42,80,55,#2A5037
C9,C9,51,73,195,#3349C3
D9,D9,213,185,244,#D5B9F4
E9,E9,227,118,199,#E376C7
F9,F9,224,103,122,#E0677A
G9,G9,228,182,133,#E4B685
H9,H9,239,237,238,#EFEDEE
M9,M9,166,136,98,#A68862
A10,A10,244,126,56,#F47E38
B10,B10,154,209,186,#9AD1BA
C10,C10,60,188,227,#3CBCE3
D10,D10,48,26,73,#301A49
E10,E10,209,59,149,#D13B95
F10,F10,135,70,40,#874628
G10,G10,218,140,66,#DA8C42
H10,H10,235,235,235,#EBEBEB
M10,M10,196,179,187,#C4B3BB
A11,A11,254,219,153,#FEDB99
B11,B11,98,112,50,#627032
C11,C11,42,222,211,#2ADED3
D11,D11,190,185,226,#BEB9E2
E11,E11,247,218,212,#F7DAD4
F11,F11,89,35,35,#592323
G11,G11,218,200,152,#DAC898
H11,H11,205,205,205,#CDCDCD
M11,M11,158,117,146,#9E7592
A12,A12,253,162,118,#FDA276
B12,B12,26,110,61,#1A6E3D
C12,C12,30,51,78,#1E334E
D12,D12,220,153,206,#DC99CE
E12,E12,246,147,191,#F693BF
F12,F12,243,83,107,#F3536B
G12,G12,254,201,147,#FEC993
H12,H12,253,246,238,#FDF6EE
M12,M12,100,74,81,#644A51
A13,A13,254,198,103,#FEC667
B13,B13,200,232,125,#C8E87D
C13,C13,205,231,254,#CDE7FE
D13,D13,181,3,141,#B5038D
E13,E13,181,1,106,#B5016A
F13,F13,244,92,69,#F45C45
G13,G13,178,113,75,#B2714B
H13,H13,244,239,209,#F4EFD1
M13,M13,199,146,102,#C79266
A14,A14,247,88,66,#F75842
B14,B14,171,232,79,#ABE84F
C14,C14,213,252,247,#D5FCF7
D14,D14,134,41,147,#862993
E14,E14,250,212,191,#FAD4BF
F14,F14,252,173,178,#FCADB2
G14,G14,139,104,76,#8B684C
H14,H14,206,215,212,#CED7D4
M14,M14,194,116,100,#C27464
A15,A15,251,246,94,#FBF65E
B15,B15,48,83,53,#305335
C15,C15,33,197,196,#21C5C4
D15,D15,47,31,140,#2F1F8C
E15,E15,245,201,202,#F5C9CA
F15,F15,213,5,39,#D50527
G15,G15,246,248,227,#F6F8E3
H15,H15,154,166,166,#9AA6A6
M15,M15,116,125,122,#747D7A
A16,A16,254,255,151,#FEFF97
B16,B16,192,237,79,#C0ED4F
C16,C16,24,88,162,#1858A2
D16,D16,226,228,240,#E2E4F0
E16,E16,251,244,236,#FBF4EC
F16,F16,248,192,169,#F8C0A9
G16,G16,242,216,193,#F2D8C1
H16,H16,27,18,19,#1B1213
A17,A17,253,225,115,#FDE173
B17,B17,158,179,62,#9EB33E
C17,C17,2,209,243,#02D1F3
D17,D17,199,211,249,#C7D3F9
E17,E17,247,227,236,#F7E3EC
F17,F17,232,155,125,#E89B7D
G17,G17,119,84,78,#77544E
H17,H17,240,238,239,#F0EEEF
A18,A18,252,191,128,#FCBF80
B18,B18,230,237,79,#E6ED4F
C18,C18,33,50,68,#213244
D18,D18,154,100,184,#9A64B8
E18,E18,249,200,219,#F9C8DB
F18,F18,208,127,74,#D07F4A
G18,G18,255,227,213,#FFE3D5
H18,H18,252,255,246,#FCFFF6
A19,A19,253,126,119,#FD7E77
B19,B19,38,138,142,#26B78E
C19,C19,24,134,157,#18869D
D19,D19,216,194,217,#D8C2D9
E19,E19,246,187,209,#F6BBD1
F19,F19,190,69,74,#BE454A
G19,G19,221,125,65,#DD7D41
H19,H19,242,238,229,#F2EEE5
A20,A20,249,214,110,#F9D66E
B20,B20,203,236,207,#CBECCF
C20,C20,26,112,169,#1A70A9
D20,D20,154,53,173,#9A35AD
E20,E20,215,198,206,#D7C6CE
F20,F20,198,148,149,#C69495
G20,G20,165,69,47,#A5452F
H20,H20,150,160,159,#96A09F
A21,A21,250,227,147,#FAE393
B21,B21,24,97,106,#18616A
C21,C21,188,221,252,#BCDDFC
D21,D21,148,5,149,#940595
E21,E21,192,157,164,#C09DA4
F21,F21,242,184,198,#F2B8C6
G21,G21,179,133,97,#B38561
H21,H21,248,251,230,#F8FBE6
A22,A22,237,248,120,#EDF878
B22,B22,10,66,65,#0A4241
C22,C22,107,177,187,#6BB1BB
D22,D22,56,56,154,#38389A
E22,E22,179,140,159,#B38C9F
F22,F22,247,195,208,#F7C3D0
H22,H22,202,202,210,#CACAD2
A23,A23,228,200,186,#E4C8BA
B23,B23,52,59,26,#343B1A
C23,C23,200,226,253,#C8E2FD
D23,D23,234,219,248,#EADBF8
E23,E23,147,125,138,#937D8A
F23,F23,237,128,108,#ED806C
H23,H23,155,156,148,#9B9C94
A24,A24,243,246,169,#F3F6A9
B24,B24,232,250,166,#E8FAA6
C24,C24,126,197,249,#7EC5F9
D24,D24,118,138,225,#768AE1
E24,E24,222,190,129,#DEBEE5
F24,F24,224,157,175,#E09DAF
A25,A25,255,215,133,#FFD785
B25,B25,78,132,109,#4E846D
C25,C25,169,232,224,#A9E8E0
D25,D25,73,80,194,#4950C2
F25,F25,232,72,84,#E84854
A26,A26,255,199,52,#FFC734
B26,B26,144,124,53,#907C35
C26,C26,66,173,207,#42ADCF
D26,D26,214,198,235,#D6C6EB
B27,B27,208,224,175,#D0E0AF
C27,C27,208,222,249,#D0DEF9
B28,B28,158,229,187,#9EE5BB
C28,C28,189,206,232,#BDCEE8
B29,B29,198,223,95,#C6DF5F
C29,C29,54,74,137,#364A89
B30,B30,227,251,177,#E3FBB1
B31,B31,180,230,145,#B4E691
B32,B32,146,176,96,#92B060
